title,content,location_name,date,author
วัดพระแก้วเตรียมจัดงานลอยกระทงยิ่งใหญ่,"วัดพระแก้วเตรียมจัดงานลอยกระทงประจำปี 2566 อย่างยิ่งใหญ่ พร้อมการแสดงแสง สี เสียง และการประกวดกระทงสวยงาม นักท่องเที่ยวสามารถเข้าชมพระบรมมหาราชวังและร่วมงานได้ตั้งแต่เวลา 17.00 น. เป็นต้นไป การจัดงานครั้งนี้จะรักษามาตรการความปลอดภัยอย่างเคร่งครัด",วัดพระแก้ว,2023-11-20,สมชาย รักษ์ไทย
เกาะพีพีคืนชีพ หลังโควิด-19,"เกาะพีพีกลับมาคึกคักอีกครั้งหลังสถานการณ์โควิด-19 คลี่คลาย นักท่องเที่ยวทั้งไทยและต่างชาติเดินทางมาเยือนเกาะสวรรค์แห่งนี้อย่างต่อเนื่อง ล่าสุดเตรียมจัดงาน Full Moon Party ครั้งแรกของเกาะ คาดว่าจะดึงดูดนักท่องเที่ยวได้จำนวนมาก",เกาะพีพี,2023-12-01,วิภา ทะเลสวย
ดอยสุเทพ จุดชมวิวใหม่เปิดให้บริการ,"อุทยานแห่งชาติดอยสุเทพ-ปุย เปิดจุดชมวิวแห่งใหม่บริเวณยอดดอยสุเทพ นักท่องเที่ยวสามารถชมทัศนียภาพเมืองเชียงใหม่ได้ 360 องศา พร้อมสิ่งอำนวยความสะดวกครบครัน เปิดให้บริการทุกวันตั้งแต่ 06.00-18.00 น.",ดอยสุเทพ,2023-10-15,ภูมิ ชมดอย
อุทยานประวัติศาสตร์สุโขทัยได้รับการบูรณะครั้งใหญ่,"กรมศิลปากรเร่งบูรณะโบราณสถานในอุทยานประวัติศาสตร์สุโขทัย หลังได้รับงบประมาณพิเศษ คาดว่าจะแล้วเสร็จก่อนเทศกาลลอยกระทงเผาเทียนเล่นไฟ ซึ่งเป็นงานประเพณีสำคัญประจำปีของจังหวัด",อุทยานประวัติศาสตร์สุโขทัย,2023-09-30,รักษ์ โบราณคดี
ป่าตองเดินหน้าพัฒนาชายหาดปลอดภัย,"เทศบาลเมืองป่าตองจัดระเบียบชายหาด ติดตั้งกล้องวงจรปิดและไฟส่องสว่างเพิ่มเติม พร้อมจัดเจ้าหน้าที่รักษาความปลอดภัยตลอด 24 ชั่วโมง เพื่อสร้างความมั่นใจให้นักท่องเที่ยว",หาดป่าตอง,2023-11-10,สมหมาย ทะเลงาม
เขาใหญ่พบสัตว์ป่าหายากเพิ่มขึ้น,"อุทยานแห่งชาติเขาใหญ่รายงานพบสัตว์ป่าหายากเพิ่มขึ้น สะท้อนความอุดมสมบูรณ์ของผืนป่า เจ้าหน้าที่เร่งดูแลรักษาและป้องกันการล่าสัตว์ พร้อมจัดเส้นทางศึกษาธรรมชาติให้นักท่องเที่ยว",อุทยานแห่งชาติเขาใหญ่,2023-11-05,ธรรมชาติ รักษ์ป่า
วัดร่องขุ่นเปิดไฟประดับยามค่ำคืน,"วัดร่องขุ่นเปิดให้เข้าชมในยามค่ำคืนเป็นครั้งแรก พร้อมการประดับไฟสวยงาม สร้างมิติใหม่ในการชมความงามของสถาปัตยกรรมอันโดดเด่น เริ่มตั้งแต่วันที่ 1 ธันวาคมนี้",วัดร่องขุ่น,2023-11-25,ศิลป์ แสงสี
เกาะสมุยติด 1 ใน 10 เกาะที่ดีที่สุดในเอเชีย,"นิตยสารท่องเที่ยวระดับโลกจัดอันดับให้เกาะสมุยเป็น 1 ใน 10 เกาะที่ดีที่สุดในเอเชีย ชูจุดเด่นด้านความสวยงามของธรรมชาติ วัฒนธรรม และการบริการ คาดการท่องเที่ยวจะคึกคักในช่วงเทศกาลสงกรานต์",เกาะสมุย,2023-12-05,ท่องเที่ยว นานาชาติ
อยุธยาเตรียมจัดงานประจำปียิ่งใหญ่,"จังหวัดพระนครศรีอยุธยาเตรียมจัดงาน 'ยอยศยิ่งฟ้า อยุธยามรดกโลก' ประจำปี 2566 ภายในบริเวณอุทยานประวัติศาสตร์ พร้อมการแสดงแสง สี เสียง และนิทรรศการประวัติศาสตร์",อยุธยา,2023-12-01,ประวัติ ศาสตร์ไทย
เขาหลักจัดเทศกาลอาหารทะเลครั้งแรก,"เขาหลักเตรียมจัดเทศกาลอาหารทะเลครั้งแรก รวบรวมอาหารทะเลสดใหม่และเมนูเด็ดจากร้านดังในพื้นที่ พร้อมการแสดงดนตรีและกิจกรรมสันทนาการ หวังกระตุ้นการท่องเที่ยวช่วงปลายปี",เขาหลัก,2023-12-10,อาหาร ทะเลสด
New Year's Eve in Times Square,"Join the world-famous New Year's Eve celebration in Times Square, featuring live performances and the iconic ball drop at midnight.",Times Square,2023-12-31,John Doe
London Fashion Week Highlights,"Discover the latest trends and designs showcased at the London Fashion Week, a premier event in the fashion industry.",London,2024-02-15,Jane Smith
Tech Innovations at Silicon Valley,"Explore groundbreaking technological innovations and meet industry leaders at the annual Tech Conference in Silicon Valley.",Silicon Valley,2024-03-10,Alex Johnson
